"","INDINF_CPI_M","INDINF_LOWTARGET","INDINF_UPPTARGET","Volume","Monthly_Change","INDINF_CPI_COMMON_M","INDINF_CPI_MEDIAN_M","INDINF_CPI_TRIM_M"
"2",0.02,0.01972223,0.03972223,900880000,-0.0134013560510187,0.02,0.02,0.02
"3",0.024,0.01944445,0.03944445,969630000,0.044229299954621,0.02,0.02,0.021
"4",0.019,0.01916667,0.03916667,1295630000,0.0436596323954348,0.02,0.019,0.02
"5",0.018,0.0188889,0.03888889,1374870000,0.0519098392980135,0.019,0.019,0.019
"6",0.019,0.01861112,0.03861111,1305340000,0.0245949750383458,0.018,0.019,0.019
"7",0.017,0.01833334,0.03833333,1236020000,0.0215834239645663,0.018,0.018,0.018
"8",0.017,0.01805556,0.03805556,1161400000,0.000201706590300388,0.016,0.018,0.018
"9",0.018,0.01777778,0.03777778,1109630000,0.0429522456908298,0.016,0.017,0.018
"10",0.018,0.01750001,0.0375,1285110000,-0.0355278413858932,0.016,0.017,0.019
"11",0.019,0.01722223,0.03722222,1141140000,0.0663809691511716,0.016,0.018,0.019
"12",0.019,0.01694445,0.03694444,1.591e+09,-0.0176947021501586,0.015,0.017,0.018
"13",0.017,0.01666667,0.03666666,1280270000,0.0337782164521427,0.015,0.015,0.016
"14",0.013,0.01638889,0.03638888,1649260000,0.0540334163223202,0.013,0.015,0.015
"15",0.001,0.01611112,0.0361111,1459380000,-0.028782212522922,0.013,0.016,0.015
"16",0.002,0.01583334,0.03583332,1697050000,-0.0212938449189157,0.012,0.016,0.016
"17",0.002,0.01555556,0.03555554,1163590000,-0.0144355133465723,0.012,0.016,0.015
"18",-0.002,0.01527778,0.03527776,1185020000,0.0139906975765536,0.011,0.014,0.013
"19",0,0.015,0.03499999,1178700000,-0.069681928812974,0.011,0.014,0.013
"20",0.001,0.01472223,0.03472221,983970000,0.0381834767915459,0.011,0.015,0.014
"21",0.001,0.01444445,0.03444443,1280810000,0.0407992342665711,0.011,0.014,0.014
"22",0.002,0.01416667,0.03416666,1300180000,0.00108062880790905,0.01,0.015,0.014
"23",-0.002,0.01388889,0.03388888,1103340000,-0.0143539564560604,0.009,0.013,0.013
"24",-0.001,0.01361112,0.0336111,1118880000,-0.0462055325372047,0.011,0.015,0.014
"25",0.002,0.01333334,0.03333333,1091510000,0.0293643911852519,0.011,0.016,0.016
"26",0.006,0.01305556,0.03305555,1152190000,-0.0465397981391446,0.011,0.018,0.018
"27",0.019,0.01277778,0.03277777,1121710000,0.0267081032980709,0.011,0.018,0.019
"28",0.021,0.0125,0.0325,1429050000,0.0457719894117383,0.013,0.018,0.02
"29",0.025,0.01222223,0.03222222,1215410000,-0.00790525250957097,0.013,0.02,0.021
"30",0.029,0.01194445,0.03194444,1505270000,0.0395139848113097,0.014,0.021,0.023
"31",0.027,0.01166667,0.03166667,1465340000,0.0176685013866131,0.014,0.021,0.022
"32",0.026,0.01138889,0.03138889,1249480000,0.0194159522914581,0.014,0.02,0.022
"33",0.022,0.01111111,0.03111111,1207400000,-0.0213212933437006,0.014,0.02,0.021
"34",0.022,0.01083334,0.03083333,1298310000,0.0029002611274711,0.015,0.02,0.021
"35",0.023,0.01055556,0.03055556,1204750000,-0.0155855916462514,0.016,0.019,0.021
"36",0.021,0.01027778,0.03027778,1442290000,0.0452996033294262,0.014,0.017,0.019
"37",0.017,0.01,0.03,1368160000,0.0112202443173544,0.014,0.016,0.017
"38",0.016,0.01,0.03,1360850000,0.0540786892967009,0.014,0.015,0.015
"39",0.013,0.01,0.03,1777520000,-0.00698408092835512,0.013,0.014,0.014
"40",0.015,0.01,0.03,1602630000,0.00751963202741779,0.014,0.013,0.013
"41",0.014,0.01,0.03,1410670000,0.035346463726676,0.014,0.012,0.012
"42",0.015,0.01,0.03,1833510000,0.0194112313222579,0.014,0.012,0.012
"43",0.015,0.01,0.03,1676890000,-0.0385597376827643,0.014,0.012,0.012
"44",0.013,0.01,0.03,1433390000,-0.0227790687670052,0.014,0.012,0.012
"45",0.015,0.01,0.03,1537490000,0.0434552662757086,0.014,0.012,0.011
"46",0.015,0.01,0.03,1706230000,0.0287164519217273,0.014,0.012,0.012
"47",0.018,0.01,0.03,2198090000,0.0581542025856416,0.015,0.013,0.012
"48",0.019,0.01,0.03,2288720000,0.0746410667562707,0.016,0.014,0.013
"49",0.022,0.01,0.03,1776320000,-0.0149085365886342,0.016,0.015,0.014
"50",0.022,0.01,0.03,2364840000,0.030808182554412,0.016,0.014,0.014
"51",0.023,0.01,0.03,2328990000,0.00788917543322976,0.016,0.013,0.013
"52",0.019,0.01,0.03,1945490000,-0.0499528435059281,0.016,0.013,0.014
"53",0.017,0.01,0.03,87408260000,0.0216060816359807,0.016,0.013,0.013
"54",0.015,0.01,0.03,109681550000,0.0678479391879834,0.016,0.012,0.012
"55",0.017,0.01,0.03,114946430000,0.0087118810652036,0.016,0.012,0.013
"56",0.017,0.01,0.03,125894210000,0.0683473890787485,0.016,0.011,0.011
"57",0.018,0.01,0.03,108209170000,-0.0386612359453101,0.016,0.011,0.012
"58",0.017,0.01,0.03,127678010000,0.0647933093309985,0.015,0.01,0.01
"59",0.015,0.01,0.03,123678100000,-0.0280958335730963,0.015,0.01,0.01
"60",0.009,0.01,0.03,1.23621e+11,-0.0481702475331294,0.014,0.009,0.009
"61",0.008,0.01,0.03,120355750000,0.028651287094184,0.014,0.009,0.008
"62",0.011,0.01,0.03,132518720000,0.000119457415844293,0.015,0.011,0.011
"63",0.01,0.01,0.03,133313840000,0.05855046022248,0.016,0.012,0.011
"64",0.01,0.01,0.03,146654160000,0.0657032076136763,0.015,0.011,0.01
"65",0.009,0.01,0.03,145803310000,0.0140900972415161,0.015,0.011,0.009
"66",0.011,0.01,0.03,105172290000,-0.00981085388127856,0.016,0.012,0.009
"67",0.01,0.01,0.03,136904710000,-0.0293683507769411,0.016,0.011,0.009
"68",0.01,0.01,0.03,116643940000,-0.0591157753998759,0.016,0.012,0.011
"69",0.009,0.01,0.03,118675860000,-0.202080348386166,0.016,0.012,0.011
"70",0.007,0.01,0.03,148685810000,0.0150794474586413,0.017,0.013,0.011
"71",0.011,0.01,0.03,144828490000,0.10584059717989,0.017,0.012,0.011
"72",0.012,0.01,0.03,128620690000,0.0218417443195627,0.018,0.014,0.013
"73",0.01,0.01,0.03,127988440000,0.0223837075290598,0.017,0.012,0.011
"74",0.007,0.01,0.03,134975140000,0.0375738447528078,0.017,0.011,0.01
"75",0.007,0.01,0.03,123103450000,-0.0619501748883859,0.016,0.011,0.01
"76",0.01,0.01,0.03,158200700000,0.0451628623557656,0.016,0.011,0.011
"77",0.016,0.01,0.03,127162480000,0.0631877902212283,0.017,0.012,0.013
"78",0.015,0.01,0.03,118637400000,-0.0246482936110716,0.017,0.012,0.013
"79",0.016,0.01,0.03,138257550000,0.0245988333182456,0.016,0.012,0.013
"80",0.019,0.01,0.03,117916390000,0.0101139642813699,0.016,0.012,0.013
"81",0.021,0.01,0.03,132277460000,-0.0155628011580285,0.016,0.012,0.013
"82",0.026,0.01,0.03,145489010000,-0.00187921190773588,0.016,0.013,0.015
"83",0.023,0.01,0.03,126461540000,0.0429021072529843,0.015,0.013,0.015
"84",0.022,0.01,0.03,155234070000,0.0367961181919954,0.015,0.013,0.015
"85",0.026,0.01,0.03,108993790000,0.118380421484982,0.016,0.014,0.016
"86",0.022,0.01,0.03,140128120000,0.00799874082575713,0.014,0.013,0.015
"87",0.027,0.01,0.03,90717750000,0.076393441990996,0.015,0.014,0.016
"88",0.03,0.01,0.03,136478380000,0.0365210199364661,0.015,0.014,0.016
"89",0.022,0.01,0.03,183972230000,-0.0121323107516343,0.014,0.013,0.015
"90",0.024,0.01,0.03,213776740000,-0.0102271826991772,0.016,0.014,0.016
"91",0.028,0.01,0.03,1.91639e+11,0.101977950713359,0.016,0.016,0.018
"92",0.029,0.01,0.03,149624800000,0.0206757692119073,0.017,0.016,0.018
"93",0.026,0.01,0.03,177733470000,0.0808741437177918,0.017,0.017,0.019
"94",0.027,0.01,0.03,175264880000,-0.0773477688952624,0.017,0.016,0.018
"95",0.028,0.01,0.03,214771900000,-0.0711416331033851,0.016,0.017,0.019
"96",0.032,0.01,0.03,186561110000,-0.0850345710660732,0.017,0.018,0.02
"97",0.032,0.01,0.03,199955980000,0.0129026178250407,0.017,0.019,0.021
"98",0.03,0.01,0.03,215022700000,0.0434534613347857,0.018,0.02,0.022
"99",0.029,0.01,0.03,207352030000,-0.133363385560338,0.018,0.021,0.022
"100",0.024,0.01,0.03,236355100000,-0.0582643474368961,0.018,0.021,0.021
"101",0.035,0.01,0.03,210965280000,0.0445057962670872,0.02,0.022,0.024
"102",0.039,0.01,0.03,253482420000,0.0270933230997981,0.02,0.023,0.024
"103",0.034,0.01,0.03,234785490000,-0.0521324697814213,0.02,0.022,0.024
"104",0.027,0.01,0.03,159700040000,-0.00603636156242737,0.02,0.023,0.024
"105",0.028,0.01,0.03,168179320000,-0.0377778057184712,0.02,0.023,0.024
"106",0.026,0.01,0.03,199016980000,-0.0757649586746991,0.02,0.023,0.023
"107",0.019,0.01,0.03,227734250000,0.00688738869432881,0.021,0.022,0.022
"108",0.006,0.01,0.03,236875970000,0.0784233969977544,0.022,0.02,0.019
"109",0.007,0.01,0.03,198970920000,0.0353770957756798,0.022,0.02,0.019
"110",0.013,0.01,0.03,208693730000,-0.00518962365493247,0.022,0.021,0.02
"111",0.014,0.01,0.03,209199910000,-0.00143819049486826,0.022,0.02,0.02
"112",0.019,0.01,0.03,233742720000,0.0280196399345336,0.022,0.02,0.02
"113",0.017,0.01,0.03,239875570000,-0.0239572181111889,0.022,0.02,0.021
"114",0.011,0.01,0.03,227429490000,-0.000952554230935432,0.021,0.02,0.02
"115",0.012,0.01,0.03,286208280000,-0.0666788565281896,0.021,0.021,0.02
"116",0.021,0.01,0.03,264316150000,-0.0755989963881687,0.021,0.02,0.019
"117",0.025,0.01,0.03,214680060000,0.000999197338226399,0.021,0.022,0.021
"118",0.023,0.01,0.03,245589170000,-0.0652752719298245,0.021,0.022,0.021
"119",0.032,0.01,0.03,300358340000,0.0110672293192331,0.021,0.021,0.021
"120",0.044,0.01,0.03,268531670000,0.0514658985782632,0.02,0.022,0.023
"121",0.038,0.01,0.03,274422610000,0.00671193514211765,0.019,0.022,0.022
"122",0.045,0.01,0.03,288027770000,-0.00680323531635041,0.021,0.022,0.022
"123",0.047,0.01,0.03,195712950000,-0.002191932719385,0.02,0.024,0.023
"124",0.042,0.01,0.03,229297700000,-0.0323107641124537,0.02,0.024,0.022
"125",0.029,0.01,0.03,244635380000,0.0382766541806232,0.018,0.022,0.02
"126",0.028,0.01,0.03,255208810000,0.0415571738855161,0.019,0.022,0.02
"127",0.026,0.01,0.03,259228840000,0.0179743281881388,0.019,0.02,0.019
"128",0.021,0.01,0.03,2.60926e+11,0.0393521215711492,0.019,0.021,0.019
"129",0.02,0.01,0.03,211861940000,0.034775886469645,0.019,0.019,0.017
"130",0.022,0.01,0.03,318000650000,-0.0118769835181033,0.019,0.019,0.018
"131",0.016,0.01,0.03,270014160000,0.0473784334339806,0.02,0.019,0.017
"132",0.016,0.01,0.03,220531050000,0.011154387127368,0.019,0.019,0.017
"133",0.021,0.01,0.03,251402160000,0.0459959403399244,0.02,0.019,0.017
"134",0.013,0.01,0.03,334836760000,0.0365531737045468,0.018,0.018,0.017
"135",0.007,0.01,0.03,262055870000,0.0313445674119599,0.019,0.016,0.016
"136",0.008,0.01,0.03,338586620000,-0.0230528086704217,0.019,0.015,0.015
"137",0.017,0.01,0.03,300214460000,-0.0398211457657242,0.021,0.016,0.016
"138",0.024,0.01,0.03,255719660000,0.0210213252062106,0.02,0.017,0.016
"139",0.025,0.01,0.03,252071650000,0.0152423944699924,0.02,0.017,0.017
"140",0.023,0.01,0.03,222862250000,-0.0102391878865759,0.019,0.016,0.017
"141",0.018,0.01,0.03,215311110000,-0.00958839606401718,0.019,0.016,0.017
"142",0.018,0.01,0.03,243232440000,0.0347737620866659,0.019,0.017,0.017
"143",0.023,0.01,0.03,252316650000,0.0233840775653698,0.02,0.017,0.018
"144",0.024,0.01,0.03,263269790000,0.0179347997970918,0.02,0.018,0.018
"145",0.021,0.01,0.03,244075130000,0.0239865112655147,0.019,0.019,0.018
"146",0.019,0.01,0.03,233545480000,-0.00460711227806809,0.019,0.018,0.017
"147",0.021,0.01,0.03,244639260000,0.0504340691343772,0.019,0.018,0.017
"148",0.023,0.01,0.03,295536570000,-0.00578172120511744,0.019,0.02,0.019
"149",0.024,0.01,0.03,237722820000,-0.0252903100278273,0.019,0.019,0.018
"150",0.016,0.01,0.03,230442200000,0.0254021116789314,0.019,0.018,0.018
"151",0.017,0.01,0.03,261506050000,0.0307578618339994,0.02,0.019,0.018
"152",0.02,0.01,0.03,211685850000,0.0525205594621225,0.02,0.018,0.017
"153",0.026,0.01,0.03,282413450000,0.0236018757516303,0.02,0.018,0.017
"154",0.032,0.01,0.03,315183070000,0.0321400895531148,0.02,0.019,0.017
"155",0.026,0.01,0.03,281210790000,-0.0570751385903896,0.019,0.019,0.017
"156",0.02,0.01,0.03,290517710000,0.0424527666809482,0.019,0.018,0.017
"157",0.021,0.01,0.03,272257580000,0.0414076193115713,0.019,0.018,0.017
"158",0.028,0.01,0.03,363392590000,0.0597304734302178,0.02,0.018,0.018
"159",0.022,0.01,0.03,360816380000,-0.0215392958429769,0.02,0.018,0.018
"160",0.022,0.01,0.03,395748830000,0.0361301310751243,0.02,0.019,0.018
"161",0.024,0.01,0.03,340615250000,0.0077288151719952,0.019,0.018,0.018
"162",0.028,0.01,0.03,429534020000,-0.0376673757931582,0.019,0.02,0.019
"163",0.024,0.01,0.03,377548700000,-0.0112052117161225,0.019,0.018,0.018
"164",0.023,0.01,0.03,313669240000,0.0187808042484399,0.019,0.02,0.02
"165",0.021,0.01,0.03,367508870000,0.020522340038881,0.02,0.02,0.021
"166",0.007,0.01,0.03,419377100000,-0.02588248977514,0.021,0.021,0.023
"167",0.01,0.01,0.03,447572240000,0.0495948418687555,0.021,0.021,0.024
"168",0.014,0.01,0.03,472302780000,0.0330347516255356,0.022,0.022,0.025
"169",0.017,0.01,0.03,308882200000,0.0122329910618315,0.021,0.022,0.025
"170",0.011,0.01,0.03,415042850000,0.00973778424843719,0.021,0.023,0.025
"171",0.02,0.01,0.03,386122690000,0.000836297966640753,0.021,0.025,0.028
"172",0.023,0.01,0.03,427146980000,0.00923725565350719,0.021,0.024,0.028
"173",0.022,0.01,0.03,405056610000,0.019080186472219,0.022,0.025,0.028
"174",0.022,0.01,0.03,479040540000,0.0477091684763551,0.022,0.025,0.028
"175",0.022,0.01,0.03,467503550000,-0.0106852340563728,0.022,0.027,0.029
"176",0.022,0.01,0.03,447407930000,-0.00273251557306697,0.023,0.026,0.027
"177",0.017,0.01,0.03,472156430000,-0.015005091708391,0.022,0.025,0.025
"178",0.025,0.01,0.03,422655910000,0.0320925581786904,0.022,0.026,0.025
"179",0.024,0.01,0.03,534449990000,0.0373149390668677,0.022,0.025,0.023
"180",0.025,0.01,0.03,505792650000,-0.0639931891282051,0.022,0.023,0.022
"181",0.024,0.01,0.03,358796220000,0.0105193185901962,0.022,0.024,0.022
"182",0.022,0.01,0.03,524615010000,-0.0490128763013377,0.023,0.025,0.023
"183",0.018,0.01,0.03,450582730000,0.0325045494682121,0.024,0.025,0.022
"184",0.014,0.01,0.03,500977590000,-0.01712476773106,0.023,0.024,0.02
"185",0.017,0.01,0.03,475525290000,0.0439622480872233,0.024,0.025,0.023
"186",0.022,0.01,0.03,479426570000,0.0558011189639089,0.025,0.024,0.023
"187",0.031,0.01,0.03,470814100000,-0.0168335196584003,0.026,0.025,0.023
"188",0.034,0.01,0.03,511716690000,-0.0604202397871018,0.026,0.026,0.024
"189",0.035,0.01,0.03,407096470000,0.0131244553309697,0.026,0.027,0.026
"190",0.034,0.01,0.03,650845590000,-0.146565643227604,0.028,0.026,0.025
"191",0.026,0.01,0.03,699078040000,-0.169328465297294,0.027,0.026,0.025
"192",0.02,0.01,0.03,592806990000,-0.0504158853844284,0.028,0.027,0.027
"193",0.012,0.01,0.03,565090840000,-0.0305157622949609,0.028,0.027,0.026
"194",0.011,0.01,0.03,476996300000,-0.0325778338893513,0.028,0.025,0.024
"195",0.014,0.01,0.03,476191390000,-0.0657742314784845,0.027,0.025,0.024
"196",0.012,0.01,0.03,583944020000,0.0735443051828142,0.028,0.025,0.024
"197",0.004,0.01,0.03,485719130000,0.0693086769987969,0.027,0.022,0.02
"198",0.001,0.01,0.03,470602520000,0.11209890033666,0.026,0.022,0.02
"199",-0.003,0.01,0.03,479934280000,0.000462944637082519,0.025,0.021,0.019
"200",-0.009,0.01,0.03,377496840000,0.0397401216842199,0.024,0.019,0.016
"201",-0.008,0.01,0.03,354227650000,0.0075088993006307,0.022,0.017,0.015
"202",-0.009,0.01,0.03,453526510000,0.0484716692320739,0.022,0.017,0.013
"203",0.001,0.01,0.03,404188080000,-0.0424923383062746,0.022,0.017,0.014
"204",0.01,0.01,0.03,363944460000,0.0491623345297003,0.021,0.018,0.014
"205",0.013,0.01,0.03,332250650000,0.0261111371259635,0.02,0.017,0.013
"206",0.019,0.01,0.03,327643960000,-0.0554907437955475,0.019,0.017,0.013
"207",0.016,0.01,0.03,314432930000,0.04824998543475,0.018,0.017,0.013
"208",0.014,0.01,0.03,411092830000,0.0350915422474369,0.017,0.015,0.011
"209",0.018,0.01,0.03,392558170000,0.0143715159206124,0.017,0.017,0.013
"210",0.014,0.01,0.03,466124930000,-0.036664580069153,0.016,0.016,0.012
"211",0.01,0.01,0.03,436134310000,-0.0398367430927485,0.016,0.015,0.011
"212",0.018,0.01,0.03,365732790000,0.0370980295982672,0.017,0.016,0.013
"213",0.017,0.01,0.03,391965760000,0.0171171473105329,0.017,0.016,0.012
"214",0.019,0.01,0.03,449730310000,0.03817388001192,0.015,0.016,0.013
"215",0.024,0.01,0.03,394791410000,0.0248611410376254,0.015,0.017,0.014
"216",0.02,0.01,0.03,466848390000,0.0218283232943215,0.015,0.015,0.012
"217",0.024,0.01,0.03,410213970000,0.0378525109589103,0.016,0.016,0.014
"218",0.023,0.01,0.03,463616230000,0.00809329649352897,0.015,0.016,0.013
"219",0.022,0.01,0.03,440393210000,0.0431301652892562,0.016,0.014,0.011
"220",0.033,0.01,0.03,529224450000,-0.00144310055530006,0.018,0.018,0.016
"221",0.033,0.01,0.03,402433470000,-0.0121350662537678,0.018,0.018,0.016
"222",0.037,0.01,0.03,387160390000,-0.0101757942734411,0.018,0.02,0.018
"223",0.031,0.01,0.03,448758260000,-0.0363691677676181,0.019,0.02,0.018
"224",0.027,0.01,0.03,352891300000,-0.0267125361107442,0.018,0.019,0.018
"225",0.031,0.01,0.03,556012330000,-0.0136648296983493,0.019,0.021,0.02
"226",0.032,0.01,0.03,511846030000,-0.0896645995688991,0.019,0.02,0.021
"227",0.029,0.01,0.03,483190740000,0.0540528755261025,0.019,0.019,0.02
"228",0.029,0.01,0.03,434738130000,-0.00391769586697943,0.019,0.021,0.021
"229",0.023,0.01,0.03,419593130000,-0.0204029799802988,0.019,0.019,0.019
"230",0.025,0.01,0.03,412969660000,0.0415806310493452,0.019,0.02,0.021
"231",0.026,0.01,0.03,411762530000,0.0154028847911565,0.02,0.021,0.022
"232",0.019,0.01,0.03,493826850000,-0.0199145685700728,0.018,0.019,0.019
"233",0.02,0.01,0.03,363698210000,-0.0080292440756522,0.019,0.02,0.02
"234",0.012,0.01,0.03,411674750000,-0.0634116172716112,0.017,0.017,0.016
"235",0.015,0.01,0.03,410025380000,0.00724380820166926,0.017,0.016,0.015
"236",0.013,0.01,0.03,324819880000,0.00587246160910371,0.017,0.016,0.015
"237",0.012,0.01,0.03,303586590000,0.0243983647451131,0.017,0.017,0.015
"238",0.012,0.01,0.03,364252060000,0.0308135372790572,0.016,0.016,0.014
"239",0.012,0.01,0.03,311681170000,0.00855696293890795,0.017,0.017,0.013
"240",0.008,0.01,0.03,335610590000,-0.0147711077304411,0.017,0.016,0.012
"241",0.008,0.01,0.03,346851400000,0.0158585880679847,0.016,0.017,0.012
"242",0.005,0.01,0.03,357253410000,0.0202437121486307,0.016,0.015,0.01
"243",0.012,0.01,0.03,332850890000,0.010768423666963,0.016,0.016,0.012
"244",0.01,0.01,0.03,367166090000,-0.00560759137511746,0.016,0.016,0.012
"245",0.004,0.01,0.03,384568370000,-0.023011975152928,0.016,0.015,0.01
"246",0.007,0.01,0.03,57968080000,0.015566201661783,0.016,0.015,0.011
"247",0.012,0.01,0.03,3796520000,-0.041208243683012,0.015,0.017,0.013
"248",0.013,0.01,0.03,55254250000,0.0294745703741051,0.016,0.017,0.013
"249",0.011,0.01,0.03,251431590000,0.0133984260918731,0.015,0.016,0.011
"250",0.011,0.01,0.03,255587100000,0.0105342858629429,0.016,0.016,0.012
"251",0.007,0.01,0.03,339652160000,0.0448964277750561,0.015,0.015,0.012
"252",0.009,0.01,0.03,269839710000,0.00255219076719149,0.015,0.015,0.012
"253",0.012,0.01,0.03,288673650000,0.0168863349655437,0.015,0.016,0.014
"254",0.015,0.01,0.03,395891280000,0.00538121689845927,0.015,0.017,0.015
"255",0.011,0.01,0.03,365095440000,0.0375832757672521,0.014,0.015,0.014
"256",0.015,0.01,0.03,366433230000,0.00884614622922841,0.015,0.016,0.015
"257",0.02,0.01,0.03,350626120000,0.022085382957221,0.015,0.017,0.016
"258",0.023,0.01,0.03,299572710000,-0.00325556376490932,0.015,0.018,0.017
"259",0.024,0.01,0.03,339367350000,0.0370989029022961,0.015,0.018,0.018
"260",0.021,0.01,0.03,332344590000,0.0121946517232272,0.015,0.017,0.016
"261",0.021,0.01,0.03,273423260000,0.0192424348691009,0.015,0.017,0.017
"262",0.02,0.01,0.03,373697070000,-0.0425709047721813,0.016,0.018,0.017
"263",0.024,0.01,0.03,460070770000,-0.0232077935229437,0.016,0.018,0.017
"264",0.02,0.01,0.03,400917760000,0.00899183563968475,0.017,0.018,0.017
"265",0.015,0.01,0.03,571902110000,-0.00761628263137437,0.016,0.017,0.017
"266",0.01,0.01,0.03,517852870000,0.00280880839108799,0.017,0.018,0.017
"267",0.01,0.01,0.03,429326370000,0.0382185439738305,0.017,0.017,0.016
"268",0.012,0.01,0.03,447933830000,-0.0217863254792366,0.016,0.017,0.016
"269",0.008,0.01,0.03,377236830000,0.0216139414154062,0.016,0.016,0.014
"270",0.009,0.01,0.03,348302320000,-0.0138198555617589,0.016,0.016,0.015
"271",0.01,0.01,0.03,372588930000,-0.0306911380635693,0.016,0.016,0.014
"272",0.013,0.01,0.03,380447690000,-0.00583368824511077,0.016,0.018,0.016
"273",0.013,0.01,0.03,420726400000,-0.0421125186982668,0.016,0.018,0.016
"274",0.01,0.01,0.03,445753270000,-0.0398366145403466,0.016,0.017,0.016
"275",0.01,0.01,0.03,483951570000,0.0166979931614939,0.017,0.018,0.017
"276",0.014,0.01,0.03,401350450000,-0.0043905322667892,0.017,0.019,0.018
"277",0.016,0.01,0.03,449547530000,-0.0341356079270995,0.016,0.02,0.018
"278",0.02,0.01,0.03,512964440000,-0.0144427664104534,0.016,0.02,0.018
"279",0.014,0.01,0.03,555351040000,0.00298709128519903,0.016,0.02,0.018
"280",0.013,0.01,0.03,611536450000,0.0492986206279928,0.017,0.021,0.019
"281",0.017,0.01,0.03,494342440000,0.0338732804537845,0.016,0.022,0.02
"282",0.015,0.01,0.03,474212860000,0.0081926534781207,0.016,0.022,0.02
"283",0.015,0.01,0.03,523527460000,-9.24088937721557e-05,0.016,0.022,0.02
"284",0.013,0.01,0.03,387276020000,0.036844551530449,0.015,0.02,0.019
"285",0.011,0.01,0.03,380788500000,0.00104917503585833,0.015,0.02,0.019
"286",0.013,0.01,0.03,438826330000,0.00876150095903538,0.014,0.021,0.019
"287",0.015,0.01,0.03,395069740000,0.00416948453878763,0.014,0.021,0.018
"288",0.012,0.01,0.03,498469580000,0.0199901665549547,0.012,0.019,0.016
"289",0.015,0.01,0.03,447275720000,0.0135716084236785,0.013,0.019,0.016
"290",0.021,0.01,0.03,433402970000,0.00643661487196923,0.012,0.019,0.016
"291",0.02,0.01,0.03,440214070000,0.000857935460808479,0.012,0.018,0.015
"292",0.016,0.01,0.03,523648580000,0.00964982649217405,0.012,0.016,0.014
"293",0.016,0.01,0.03,393395630000,0.00246335844816348,0.013,0.015,0.014
"294",0.013,0.01,0.03,455202150000,-0.0151544789219499,0.012,0.014,0.012
"295",0.01,0.01,0.03,504494560000,-0.0109251650973792,0.013,0.015,0.012
"296",0.012,0.01,0.03,305709970000,-0.00252267810383722,0.014,0.016,0.013
"297",0.014,0.01,0.03,336966960000,0.00449025668713543,0.014,0.016,0.014
"298",0.016,0.01,0.03,3.87006e+11,0.027807176560942,0.015,0.016,0.014
"299",0.014,0.01,0.03,348276310000,0.0249889163492785,0.015,0.015,0.014
"300",0.021,0.01,0.03,388887860000,0.00261459115554508,0.015,0.017,0.017
"301",0.019,0.01,0.03,350117610000,0.00881279657694112,0.016,0.017,0.018
"302",0.017,0.01,0.03,463589030000,-0.0158799328901084,0.017,0.017,0.018
"303",0.022,0.01,0.03,444900920000,-0.0319088243746923,0.018,0.019,0.02
"304",0.023,0.01,0.03,432458120000,-0.00488259106554512,0.019,0.019,0.019
"305",0.022,0.01,0.03,404433180000,0.0156566598591195,0.018,0.019,0.02
"306",0.022,0.01,0.03,452526020000,0.029062179898429,0.018,0.019,0.019
"307",0.025,0.01,0.03,443864010000,0.0134607723438034,0.019,0.019,0.02
"308",0.03,0.01,0.03,351402250000,0.0096020815672726,0.019,0.019,0.02
"309",0.028,0.01,0.03,436284020000,-0.010411318546915,0.019,0.02,0.021
"310",0.022,0.01,0.03,479755800000,-0.0116707830360343,0.019,0.019,0.02
"311",0.024,0.01,0.03,614088930000,-0.0650652226042582,0.018,0.019,0.02
"312",0.017,0.01,0.03,558099900000,0.0113460170631101,0.019,0.018,0.019
"313",0.02,0.01,0.03,524925670000,-0.0575675048510748,0.019,0.018,0.019
"314",0.014,0.01,0.03,521537910000,0.0850176420109128,0.018,0.018,0.019
"315",0.015,0.01,0.03,475399770000,0.0294969565224836,0.018,0.018,0.019
"316",0.019,0.01,0.03,566549460000,0.0064441283205201,0.018,0.019,0.022
"317",0.02,0.01,0.03,449916190000,0.0297228076848122,0.017,0.018,0.02
"318",0.024,0.01,0.03,475200850000,-0.0327609355809036,0.018,0.019,0.022
"319",0.02,0.01,0.03,422323160000,0.0214933870615743,0.018,0.018,0.02
"320",0.02,0.01,0.03,371216270000,0.00148938565696732,0.018,0.017,0.02
"321",0.019,0.01,0.03,410473970000,0.00216376341509106,0.018,0.017,0.019
"322",0.019,0.01,0.03,468283100000,0.0131674181003922,0.018,0.018,0.02
"323",0.019,0.01,0.03,405954520000,-0.0105291197409679,0.018,0.018,0.02
"324",0.022,0.01,0.03,431343790000,0.0337919837405078,0.019,0.019,0.02
"325",0.022,0.01,0.03,415668860000,0.00136155520847026,0.019,0.018,0.019
"326",0.024,0.01,0.03,466118130000,0.0149501039156621,0.018,0.019,0.019
"327",0.022,0.01,0.03,496885260000,-0.0609406352166758,0.017,0.018,0.019
"328",0.009,0.01,0.03,1099685900000,-0.177352403499012,0.016,0.018,0.017
"329",-0.002,0.01,0.03,731447570000,0.104785213205453,0.015,0.019,0.017
"330",-0.004,0.01,0.03,639763690000,0.0278809261106185,0.014,0.018,0.015
"331",0.007,0.01,0.03,706357750000,0.0212206041110274,0.014,0.019,0.017
"332",0.001,0.01,0.03,428480050000,0.0421522114945549,0.013,0.018,0.016
"333",0.001,0.01,0.03,399519560000,0.0213492437372842,0.014,0.019,0.017
"334",0.005,0.01,0.03,493700440000,-0.0237974126032561,0.014,0.02,0.018
"335",0.007,0.01,0.03,443201570000,-0.0335455214115213,0.015,0.02,0.019
"336",0.01,0.01,0.03,568434710000,0.103314455951372,0.015,0.02,0.019
"337",0.007,0.01,0.03,520272890000,0.0141416728594237,0.013,0.019,0.019
"338",0.01,0.01,0.03,501111980000,-0.00552963786971628,0.013,0.019,0.02
"339",0.011,0.01,0.03,537798050000,0.0417200658130013,0.013,0.019,0.02
"340",0.022,0.01,0.03,643758650000,0.0354589021393108,0.015,0.02,0.021
"341",0.034,0.01,0.03,422501790000,0.0217960599882745,0.017,0.022,0.024
"342",0.036,0.01,0.03,285612480000,0.0208704495795113,0.018,0.023,0.027
